name,email,subject,message
Bradley Shepard,ptaylor@hotmail.com,Customer service,Support please!! no one is replying
Kimberly Ellis,bradley80@gmail.com,Webmaster,css all messed up on my browser
Kevin Charles,udavis@gmail.com,Return,RETURNS!! where do i go??
Michael Nichols,fwagner@gmail.com,Warranty,product broken after 3 months... help
Misty Harvey,margaret45@gmail.com,Customer service,Support please!! no one is replying
Kelli Nichols,timothybyrd@yahoo.com,Customer service,hello i need help
Jon Young,xwallace@yahoo.com,Payments,my card was charged twise!
Jonathan Evans,shicks@gmail.com,Payments,payment failed but bank say success?
Amy Romero,qoliver@hotmail.com,Warranty,how long is the warranty period?
Becky Vincent,jason26@hotmail.com,Status of my order,no update on my delivery!
Robert Johnson,garciaandrea@gmail.com,Return,RETURNS!! where do i go??
Brent Wolf,hrichard@gmail.com,Status of my order,no update on my delivery!
Daniel Adams,nathaniel52@yahoo.com,Webmaster,page load forever??
Tanner Horton,bestdouglas@hotmail.com,Warranty,product broken after 3 months... help
Steven Allen,georgejames@hotmail.com,Payments,"the product not work, how to send it back?"
Sherry Porter,ncampbell@yahoo.com,Return,RETURNS!! where do i go??
Steven Steele,hsalinas@yahoo.com,Webmaster,css all messed up on my browser
Jacqueline Lewis,khall@yahoo.com,Payments,payment failed but bank say success?
Brenda Lawson,davistyrone@hotmail.com,Error 202: Translation error,checkout button doesnt work!!!
Matthew Bonilla,laurenschmidt@hotmail.com,Customer service,Support please!! no one is replying
William Rivera,wilsonteresa@yahoo.com,Status of my order,status pls for order #1234
Paula Martin,zbeltran@hotmail.com,Status of my order,its been a week and no package yet
Kristie Mccormick,rhonda50@yahoo.com,Return,hello i need help
Kenneth King,sarawilliams@hotmail.com,Webmaster,checkout button doesnt work!!!
Gary Schneider,joycemelendez@hotmail.com,Customer service,hello i need help
Robert Harris,joshua48@yahoo.com,Status of my order,where is my order????
Robert Osborn,moconnor@yahoo.com,Return,i want to return a broken item.
Michael Ali,powersmichael@yahoo.com,Payments,payment failed but bank say success?
Amy Rivera,nicholskimberly@hotmail.com,Customer service,Why is no one answering?
Martha Smith,wmurphy@gmail.com,Webmaster,page load forever??
Timothy Monroe,stacy13@gmail.com,Return,i want to return a broken item.
Daniel Jackson,ortizjeffery@hotmail.com,Warranty,product broken after 3 months... help
Jeffrey Jordan,wporter@hotmail.com,Status of my order,status pls for order #1234
Dennis Best,tammy08@hotmail.com,Payments,site is broken on mobile?
Daniel Byrd,lori58@hotmail.com,Return,RETURNS!! where do i go??
Samuel Peterson,kimrobinson@gmail.com,Warranty,"lost receipt, can i still claim?"
Cynthia Fuller,fitzgeraldjessica@gmail.com,Status of my order,status pls for order #1234
Laura Edwards,mark61@yahoo.com,Customer service,RETURNS!! where do i go??
Debbie Strong,sarajones@gmail.com,Error 202: Translation error,Why is no one answering?
Christopher Brown,gkelly@yahoo.com,Payments,payment failed but bank say success?
Mr. Anthony Green,nyoung@hotmail.com,Status of my order,its been a week and no package yet
Wanda Moreno,amy40@hotmail.com,Warranty,Why is no one answering?
Kevin Garcia,clineamanda@gmail.com,Webmaster,site is broken on mobile?
Aaron Ford MD,daniel42@yahoo.com,Status of my order,no update on my delivery!
Natasha Perry,webbjustin@yahoo.com,Return,item came damaged and i need to send it back
Donna Graham,leonardglen@gmail.com,Status of my order,where is my order????
Eric Vance,karen38@gmail.com,Payments,do you accept paypal or not?
Jacqueline Romero,roy21@gmail.com,Payments,do you accept paypal or not?
Aaron Rodriguez,nancylewis@yahoo.com,Customer service,Why is no one answering?
Erin Jackson,melissascott@hotmail.com,Return,RETURNS!! where do i go??
Heather Pacheco,jasonanderson@gmail.com,Warranty,how long is the warranty period?
Taylor Rodriguez,bergwilliam@gmail.com,Return,i want to return a broken item.
Paul Green,gerald81@gmail.com,Customer service,Why is no one answering?
Patricia Simmons,donna45@hotmail.com,Payments,do you accept paypal or not?
Laura Stewart,brownrichard@gmail.com,Return,where is my order????
Frederick Dickerson,charlesturner@yahoo.com,Customer service,Why is no one answering?
Randy Bond,daniel10@yahoo.com,Error 101: Subject not found,i want to return a broken item.
Deborah Powell,scottbrooks@yahoo.com,Status of my order,its been a week and no package yet
Mary Butler,floresmary@gmail.com,Webmaster,Why is no one answering?
Tyler Cox,mbriggs@gmail.com,Webmaster,hello i need help
Tyrone Jones,michaelbrown@yahoo.com,Warranty,product broken after 3 months... help
Jennifer Miller,randylove@yahoo.com,Customer service,Why is no one answering?
Cynthia Holland,zli@yahoo.com,Customer service,i want to return a broken item.
Cynthia Jackson,bclark@hotmail.com,Customer service,can someone answer my question??
Daniel Burns,shannon64@hotmail.com,Status of my order,status pls for order #1234
Kelly Jenkins,lynchpatricia@gmail.com,Return,RETURNS!! where do i go??
Michael Mcguire,derrick46@gmail.com,Customer service,Why is no one answering?
Cindy Reed,shannonadams@gmail.com,Customer service,Support please!! no one is replying
Donald Hill,josephnavarro@gmail.com,Status of my order,status pls for order #1234
Stephanie Larson,jeffreyromero@yahoo.com,Customer service,Support please!! no one is replying
Elizabeth Garcia,norman07@hotmail.com,Return,item came damaged and i need to send it back
Melissa Mendez,umorgan@gmail.com,Status of my order,no update on my delivery!
Christopher Carrillo,robertburns@gmail.com,Status of my order,where is my order????
Deanna Black,bporter@gmail.com,Status of my order,its been a week and no package yet
James Martinez,lstone@hotmail.com,Payments,do you accept paypal or not?
Anthony Lyons,gallaghermarcus@yahoo.com,Error 202: Translation error,"the product not work, how to send it back?"
Ann Hernandez,ellen89@hotmail.com,Warranty,"lost receipt, can i still claim?"
Randall Joyce DVM,michelleharris@yahoo.com,Return,"the product not work, how to send it back?"
Terry Rodriguez,xmccormick@hotmail.com,Error 101: Subject not found,is my item under waranty?
Jessica Harris,jenkinspatrick@hotmail.com,Webmaster,site is broken on mobile?
Brandy Hunt,masonjeffery@yahoo.com,Payments,my card was charged twise!
Rhonda Brown,tiffany20@yahoo.com,Payments,money gone but order not confirmd
Joseph Brown,robertmartinez@hotmail.com,Status of my order,where is my order????
Michelle Anderson,nrose@hotmail.com,Return,item came damaged and i need to send it back
Glenn Phillips,bowensamuel@gmail.com,Error 101: Subject not found,i want to return a broken item.
Jessica Bullock,garrettcolon@gmail.com,Customer service,hello i need help
Jennifer Horton,bautistascott@hotmail.com,Customer service,Why is no one answering?
John Graves,qanthony@gmail.com,Payments,money gone but order not confirmd
Danny Newman,allenalicia@gmail.com,Customer service,can someone answer my question??
Anthony Gregory DVM,sblack@hotmail.com,Customer service,Why is no one answering?
Heidi Smith,fullerdebbie@yahoo.com,Payments,payment failed but bank say success?
Christopher Wyatt,jose88@gmail.com,Payments,item came damaged and i need to send it back
Erin Campos,campbellchristine@yahoo.com,Warranty,"lost receipt, can i still claim?"
Timothy Kim,davisbrittany@gmail.com,Return,css all messed up on my browser
Adrienne Melton,varcher@gmail.com,Payments,money gone but order not confirmd
Joanne Jennings,littlekelly@gmail.com,Customer service,can someone answer my question??
Jonathan Nguyen,smithmary@hotmail.com,Customer service,hello i need help
Jennifer Hood,vnash@yahoo.com,Customer service,can someone answer my question??
Teresa Rivera,shellycook@yahoo.com,Status of my order,no update on my delivery!
Teresa Mcclain,nicholaskramer@yahoo.com,Status of my order,no update on my delivery!
Stephanie James,rodriguezalexander@gmail.com,Payments,my card was charged twise!
Emily Powers,sarah83@yahoo.com,Status of my order,where is my order????
Christine Clark,cole91@yahoo.com,Webmaster,site is broken on mobile?
Holly Garcia,kelli55@gmail.com,Status of my order,status pls for order #1234
Joseph Potter,pagerichard@gmail.com,Status of my order,where is my order????
Erica Gonzalez,davidstevenson@gmail.com,Webmaster,css all messed up on my browser
Nichole Hunt,fitzpatrickalexander@gmail.com,Return,i want to return a broken item.
Elizabeth Rodriguez,robinsonsean@hotmail.com,Webmaster,page load forever??
Michele Brady,hopkinswilliam@hotmail.com,Webmaster,product broken after 3 months... help
Dr. Derek Walsh,ghendricks@gmail.com,Warranty,is my item under waranty?
Robert Fisher,bowmantracy@yahoo.com,Payments,money gone but order not confirmd
Paul Cruz,whitesonya@gmail.com,Webmaster,hello i need help
Madison Riggs,rachel55@yahoo.com,Return,"the product not work, how to send it back?"
Sarah Nguyen,sbecker@yahoo.com,Status of my order,its been a week and no package yet
Brittany Phelps,tracylong@hotmail.com,Customer service,site is broken on mobile?
Tracy Matthews,zcarter@yahoo.com,Customer service,hello i need help
Kevin Keller,oneillbrenda@hotmail.com,Error 101: Subject not found,page load forever??
Alan Guzman,anthonyhodges@hotmail.com,Payments,payment failed but bank say success?
Jennifer Brown,joneschristine@yahoo.com,Webmaster,site is broken on mobile?
Lisa Hancock MD,hogankristina@hotmail.com,Warranty,how long is the warranty period?
Elizabeth Diaz,elizabethking@yahoo.com,Customer service,can someone answer my question??
Brandon Brown,shellyedwards@yahoo.com,Return,i want to return a broken item.
Jasmine Robertson,vazquezricky@hotmail.com,Webmaster,page load forever??
Melanie Swanson,princejulie@hotmail.com,Customer service,Why is no one answering?
Gina Porter,hillmichele@yahoo.com,Status of my order,status pls for order #1234
Charles Hodge,victoriasmith@gmail.com,Status of my order,its been a week and no package yet
Adam Stevenson,sherryflores@hotmail.com,Status of my order,where is my order????
Erin Wiley,simmonsbeth@yahoo.com,Webmaster,site is broken on mobile?
Rhonda Delgado,ubright@yahoo.com,Warranty,is my item under waranty?
Mark May,justin15@yahoo.com,Error 202: Translation error,payment failed but bank say success?
Cory Hicks,katherine24@yahoo.com,Webmaster,can someone answer my question??
Ryan Lloyd,meyernatalie@gmail.com,Webmaster,checkout button doesnt work!!!
Mary Gonzalez DVM,kcochran@gmail.com,Status of my order,no update on my delivery!
Joel Shepherd,henryross@yahoo.com,Payments,payment failed but bank say success?
Joshua Clay,scottwashington@gmail.com,Warranty,product broken after 3 months... help
Kenneth Osborne,summerswilliam@hotmail.com,Status of my order,"lost receipt, can i still claim?"
Danielle Williams,otaylor@yahoo.com,Warranty,"lost receipt, can i still claim?"
Joshua Davis,haguilar@gmail.com,Customer service,can someone answer my question??
Stephen Sweeney,qkirk@yahoo.com,Customer service,Support please!! no one is replying
Katelyn Mullins,samuelspencer@hotmail.com,Status of my order,where is my order????
Amanda Martin,leonardalyssa@yahoo.com,Warranty,how long is the warranty period?
Cheryl Reyes,robert16@hotmail.com,Warranty,is my item under waranty?
Dr. Mary Rice,dickersonadam@gmail.com,Payments,my card was charged twise!
Tina Hansen,brendan22@gmail.com,Return,item came damaged and i need to send it back
Heather Rogers,cordovakeith@hotmail.com,Customer service,Why is no one answering?
Elizabeth Bond,carolyn69@gmail.com,Warranty,how long is the warranty period?
Travis White,bullockchristina@yahoo.com,Return,RETURNS!! where do i go??
Julie Pierce,megan98@hotmail.com,Customer service,Why is no one answering?
Marcia Vasquez,kbush@gmail.com,Customer service,hello i need help
Brian Richard,whitneythomas@hotmail.com,Status of my order,css all messed up on my browser
Thomas Cunningham PhD,bhurley@yahoo.com,Webmaster,page load forever??
Ashley Kelley,lawsonaustin@yahoo.com,Webmaster,site is broken on mobile?
Terri Cline,jonathan92@hotmail.com,Warranty,is my item under waranty?
Travis Smith,coxandrew@gmail.com,Status of my order,where is my order????
Edward Nguyen,amandawilliams@gmail.com,Customer service,can someone answer my question??
Kimberly Hanna MD,kmoore@yahoo.com,Webmaster,page load forever??
Adam Lee,chelseyschroeder@hotmail.com,Status of my order,its been a week and no package yet
Cindy Smith,mdudley@hotmail.com,Return,"the product not work, how to send it back?"
Paul Hamilton,bobcarter@gmail.com,Payments,money gone but order not confirmd
Julie Martinez,spearsbarry@gmail.com,Webmaster,site is broken on mobile?
Jamie Bentley,christinaray@yahoo.com,Customer service,Why is no one answering?
Robert Smith,ncisneros@yahoo.com,Webmaster,css all messed up on my browser
Tabitha Williams,elizabethwalters@hotmail.com,Error 202: Translation error,can someone answer my question??
Michelle Harrell,garrettjohn@yahoo.com,Payments,its been a week and no package yet
Matthew Martinez,debraelliott@yahoo.com,Payments,my card was charged twise!
Jennifer Johnson,heather30@yahoo.com,Customer service,can someone answer my question??
Victoria Willis,jennifergarrison@hotmail.com,Customer service,can someone answer my question??
Julie Flores,lisathompson@gmail.com,Status of my order,where is my order????
Charles Hall,carsondavid@gmail.com,Return,its been a week and no package yet
Justin Johnson,ccombs@hotmail.com,Webmaster,css all messed up on my browser
Amanda Martinez,harrisonronnie@gmail.com,Warranty,product broken after 3 months... help
Michael Hutchinson,davidbrown@gmail.com,Customer service,can someone answer my question??
Albert Torres,lewiscarla@hotmail.com,Payments,money gone but order not confirmd
Kimberly Long MD,kimberly26@gmail.com,Payments,my card was charged twise!
Marc Grant,ryan40@yahoo.com,Customer service,Why is no one answering?
Samuel Smith,imonroe@hotmail.com,Error 202: Translation error,is my item under waranty?
David Jones,rwilliams@gmail.com,Customer service,Why is no one answering?
Mary Marks,thomaslarry@hotmail.com,Customer service,Support please!! no one is replying
Brian Phillips,rebeccachambers@gmail.com,Warranty,"lost receipt, can i still claim?"
Joshua Browning,henryanna@gmail.com,Return,RETURNS!! where do i go??
Marissa Oconnor DDS,kjohnson@gmail.com,Payments,how long is the warranty period?
Julie Martin,klucas@yahoo.com,Webmaster,"the product not work, how to send it back?"
Troy Peterson,marshallaaron@gmail.com,Status of my order,where is my order????
Amy Nguyen,aanderson@gmail.com,Return,item came damaged and i need to send it back
William Graham,nancy50@gmail.com,Status of my order,its been a week and no package yet
Jessica Spencer,jgraham@hotmail.com,Customer service,hello i need help
Gregory Carter,debrabarnett@gmail.com,Payments,my card was charged twise!
Jon Hunter,burnsbrenda@yahoo.com,Payments,money gone but order not confirmd
William Porter,oneillsandra@gmail.com,Customer service,Support please!! no one is replying
Keith Harper,theresaowens@hotmail.com,Return,RETURNS!! where do i go??
Meghan Hart,amy32@gmail.com,Webmaster,css all messed up on my browser
Tracy Russell,bryan95@gmail.com,Warranty,"lost receipt, can i still claim?"
Hayley Cooper,melissa83@gmail.com,Warranty,product broken after 3 months... help
Gary Harper,ortizbeth@gmail.com,Webmaster,site is broken on mobile?
Kimberly Davis,danielellis@yahoo.com,Status of my order,where is my order????
Ryan Stephens,carterautumn@hotmail.com,Webmaster,site is broken on mobile?
Madison Ellison,nwhitaker@gmail.com,Warranty,product broken after 3 months... help
Timothy Morgan,kimberlydavis@gmail.com,Error 202: Translation error,product broken after 3 months... help
Michael Camacho,sheajoseph@yahoo.com,Customer service,Support please!! no one is replying
Lucas Andrews,duranchristopher@gmail.com,Customer service,Why is no one answering?
Jeffrey Warren,ballardcraig@gmail.com,Payments,RETURNS!! where do i go??
Leslie Morales,walshjustin@hotmail.com,Warranty,"lost receipt, can i still claim?"
Jason White,holly44@gmail.com,Warranty,how long is the warranty period?
Brendan Brown,schultzcurtis@gmail.com,Warranty,i want to return a broken item.
Bryan Espinoza,yrobbins@gmail.com,Warranty,how long is the warranty period?
Eric Saunders,nmason@yahoo.com,Warranty,product broken after 3 months... help
Samantha Carrillo,christopherramos@gmail.com,Return,my card was charged twise!
Jessica Flores,elizabeth51@gmail.com,Return,product broken after 3 months... help
Caitlin Burns,hjohnson@gmail.com,Error 101: Subject not found,money gone but order not confirmd
Dylan Meadows,john57@yahoo.com,Webmaster,checkout button doesnt work!!!
Andrew Simon,hdiaz@gmail.com,Status of my order,its been a week and no package yet
Adam Hernandez,mooreemma@gmail.com,Customer service,Support please!! no one is replying
Courtney Flores,karen78@gmail.com,Payments,my card was charged twise!
Chad Alvarez,waustin@gmail.com,Payments,my card was charged twise!
Tyler Baldwin,jackson75@yahoo.com,Payments,money gone but order not confirmd
Vincent Smith,vhawkins@gmail.com,Payments,my card was charged twise!
Christina Richardson,martinezelizabeth@gmail.com,Customer service,Support please!! no one is replying
Adam Castro,rwhitaker@yahoo.com,Status of my order,its been a week and no package yet
Sandra Rivera,jasonrandall@hotmail.com,Return,"the product not work, how to send it back?"
Carolyn Gonzalez,thompsonrobert@gmail.com,Webmaster,page load forever??
Willie Conley,toddjohnson@hotmail.com,Customer service,Support please!! no one is replying
Jo Miles,samantha02@yahoo.com,Status of my order,where is my order????
Keith Horton,matthew27@gmail.com,Webmaster,site is broken on mobile?
Emily Conley,campbellshelley@hotmail.com,Status of my order,Support please!! no one is replying
Christina Gardner,vjohnson@yahoo.com,Status of my order,status pls for order #1234
Lisa Fischer,wangkaylee@yahoo.com,Warranty,how long is the warranty period?
Mr. Joseph Harrison,barnesjoseph@yahoo.com,Webmaster,page load forever??
Andrew Fisher,ledwards@gmail.com,Return,"the product not work, how to send it back?"
Emily Allison,david09@yahoo.com,Customer service,Why is no one answering?
John Oliver,fordjonathan@hotmail.com,Customer service,Why is no one answering?
Tamara Baker,garrettcourtney@gmail.com,Customer service,can someone answer my question??
Dr. Renee Dixon DDS,clarkjacob@gmail.com,Payments,my card was charged twise!
Tyler Davis,fnorris@yahoo.com,Webmaster,site is broken on mobile?
Stacey Davis,olsenbrittany@yahoo.com,Payments,money gone but order not confirmd
Christine Martin,georgeevans@yahoo.com,Payments,money gone but order not confirmd
Larry Ortiz,wellseduardo@hotmail.com,Status of my order,where is my order????
Nathan Miles,stephenjones@yahoo.com,Webmaster,checkout button doesnt work!!!
Sydney Harris,bryan12@hotmail.com,Customer service,can someone answer my question??
Megan Pugh,pdickson@gmail.com,Payments,my card was charged twise!
Dr. Nicole Reeves,stephaniewarren@hotmail.com,Warranty,is my item under waranty?
Christopher Mills,allenomar@yahoo.com,Warranty,"lost receipt, can i still claim?"
Kathryn Elliott,msmith@gmail.com,Status of my order,no update on my delivery!
Mark Smith,frankchang@gmail.com,Webmaster,money gone but order not confirmd
Matthew Cameron,aaronhopkins@gmail.com,Return,payment failed but bank say success?
Savannah Rodriguez,ashley17@hotmail.com,Webmaster,checkout button doesnt work!!!
Amy Smith,garytucker@gmail.com,Webmaster,page load forever??
Teresa Ayala,valeriejoseph@hotmail.com,Warranty,how long is the warranty period?
Felicia Sanchez,cruztraci@gmail.com,Payments,do you accept paypal or not?
Monica Reeves,kaneisaac@gmail.com,Return,item came damaged and i need to send it back
Dr. David Krueger DDS,smithbeth@gmail.com,Status of my order,where is my order????
Tami Olson,daniel33@gmail.com,Webmaster,can someone answer my question??
Kristin Mcmillan,jklein@hotmail.com,Payments,payment failed but bank say success?
Kathy Larson,lewisthomas@gmail.com,Status of my order,status pls for order #1234
Kathy Stuart,stephaniesweeney@gmail.com,Payments,payment failed but bank say success?
Roy Perkins,kimberlytran@yahoo.com,Payments,payment failed but bank say success?
Dr. Jeffrey Clarke,gavinmarquez@gmail.com,Status of my order,no update on my delivery!
April Mccullough,wendy75@hotmail.com,Warranty,"lost receipt, can i still claim?"
Tyler Alexander,timothy92@yahoo.com,Webmaster,site is broken on mobile?
Joanna Atkins,nwilliams@gmail.com,Status of my order,status pls for order #1234
Tammy Hopkins,dfields@gmail.com,Webmaster,site is broken on mobile?
Hailey Anderson,ubarber@hotmail.com,Webmaster,checkout button doesnt work!!!
Sarah Flores,jane57@gmail.com,Warranty,is my item under waranty?
Julie Thomas,kristendavis@yahoo.com,Payments,my card was charged twise!
Brian Larsen,virginia08@hotmail.com,Return,i want to return a broken item.
Brian Smith,xgill@yahoo.com,Return,"the product not work, how to send it back?"
Ashley Casey,brandonmcguire@yahoo.com,Status of my order,its been a week and no package yet
Tracy Jensen,keitheverett@yahoo.com,Webmaster,page load forever??
Alan Johnson,reedjames@yahoo.com,Payments,do you accept paypal or not?
James Bowman,susan24@yahoo.com,Customer service,hello i need help
John Sloan,hensleysusan@yahoo.com,Return,item came damaged and i need to send it back
Alexandra Gross,udavidson@hotmail.com,Customer service,no update on my delivery!
Adam Lee,carrie67@yahoo.com,Status of my order,no update on my delivery!
Lori Gonzalez,autumn04@yahoo.com,Return,where is my order????
Rachel Ho,wandayoung@gmail.com,Payments,money gone but order not confirmd
Brittany Mitchell,cameronmartin@yahoo.com,Return,RETURNS!! where do i go??
Eric Greer,william90@yahoo.com,Customer service,can someone answer my question??
John Kim,roserichard@gmail.com,Status of my order,where is my order????
Mark Jackson,rthomas@hotmail.com,Customer service,can someone answer my question??
Latoya Cox,desiree42@hotmail.com,Status of my order,payment failed but bank say success?
Tiffany Morgan,qmoore@gmail.com,Warranty,is my item under waranty?
Douglas Everett,madison21@gmail.com,Status of my order,where is my order????
Christina Clark,bsolomon@hotmail.com,Error 101: Subject not found,how long is the warranty period?
Cynthia Jackson,waltersmax@hotmail.com,Warranty,RETURNS!! where do i go??
Sandra Torres,jfreeman@hotmail.com,Customer service,Support please!! no one is replying
Ms. Melanie Paul,michaelfrank@gmail.com,Customer service,hello i need help
Joyce Moore,ahernandez@gmail.com,Warranty,is my item under waranty?
Robert Thompson,sgrant@gmail.com,Status of my order,status pls for order #1234
Rebecca Clark,hsanders@gmail.com,Customer service,can someone answer my question??
Theodore Rodriguez,robertedwards@yahoo.com,Customer service,hello i need help
Joshua Chambers,julie49@hotmail.com,Customer service,can someone answer my question??
Sarah Hayes,austindavis@yahoo.com,Return,"the product not work, how to send it back?"
Carrie Tate DDS,kimberlymiller@hotmail.com,Payments,is my item under waranty?
Crystal Padilla,zgutierrez@gmail.com,Customer service,hello i need help
Rebecca Levine,vickigonzales@gmail.com,Payments,payment failed but bank say success?
Jesus Stone,morrisonariana@yahoo.com,Customer service,Why is no one answering?
Mary Harvey,wmay@gmail.com,Status of my order,where is my order????
Alec Burton,maryhogan@hotmail.com,Error 202: Translation error,item came damaged and i need to send it back
Kevin Wade,durhambrandy@gmail.com,Customer service,can someone answer my question??
Mary Singh,adammccoy@yahoo.com,Status of my order,where is my order????
Laura Elliott,qortiz@yahoo.com,Customer service,can someone answer my question??
Brad Johnson,chandlerpeter@gmail.com,Status of my order,its been a week and no package yet
Todd Tucker,shieldskari@gmail.com,Status of my order,its been a week and no package yet
Tara Cook,khale@gmail.com,Webmaster,site is broken on mobile?
Andrea Meyer,eric92@yahoo.com,Return,RETURNS!! where do i go??
Fernando Carter,hbrown@hotmail.com,Error 202: Translation error,status pls for order #1234
Scott Phillips,allencindy@yahoo.com,Payments,my card was charged twise!
David Alvarado,yschultz@hotmail.com,Status of my order,where is my order????
Victoria Santana,cmurray@yahoo.com,Webmaster,site is broken on mobile?
Rachel Kramer,christopherpowell@yahoo.com,Payments,money gone but order not confirmd
Jorge Smith,lolson@hotmail.com,Payments,do you accept paypal or not?
Brandy Craig,fisheranthony@gmail.com,Return,RETURNS!! where do i go??
Dominique Mcdaniel,victoriawarren@gmail.com,Webmaster,css all messed up on my browser
David Johnson,morrisjeffrey@gmail.com,Return,"the product not work, how to send it back?"
Chelsea Moore,cnguyen@hotmail.com,Webmaster,site is broken on mobile?
Christina Black,tmiranda@yahoo.com,Return,hello i need help
James Lewis,osbornetiffany@gmail.com,Status of my order,no update on my delivery!
Laurie Gordon,frank56@yahoo.com,Webmaster,css all messed up on my browser
Patrick Sawyer,rwood@gmail.com,Status of my order,where is my order????
Nathan Thompson,timothy24@hotmail.com,Return,RETURNS!! where do i go??
Tara Jones,pjennings@hotmail.com,Error 101: Subject not found,item came damaged and i need to send it back
Christopher Richardson,htate@hotmail.com,Return,item came damaged and i need to send it back
Douglas Jones,hannahstephens@hotmail.com,Webmaster,css all messed up on my browser
Margaret Turner,ruben05@gmail.com,Webmaster,site is broken on mobile?
Cassandra Matthews,johnsonsteven@yahoo.com,Customer service,can someone answer my question??
Sarah Snow,kpaul@hotmail.com,Customer service,hello i need help
Amanda Yates,lewischristine@yahoo.com,Warranty,is my item under waranty?
Robert Edwards,tonipeters@yahoo.com,Customer service,can someone answer my question??
Christine Garcia,esexton@gmail.com,Customer service,can someone answer my question??
Gina Moreno,zwalker@yahoo.com,Customer service,Support please!! no one is replying
Robert Rodriguez,christopheringram@gmail.com,Customer service,Support please!! no one is replying
Tina Herman,madeline44@hotmail.com,Return,RETURNS!! where do i go??
Patricia Austin,denise63@hotmail.com,Return,Why is no one answering?
Vincent Campos,grahammadison@hotmail.com,Warranty,"lost receipt, can i still claim?"
Danielle Brown,brownkrista@hotmail.com,Warranty,"lost receipt, can i still claim?"
Oscar Campos,nathan19@hotmail.com,Return,item came damaged and i need to send it back
John Vaughan,fischeranthony@gmail.com,Customer service,Support please!! no one is replying
Kelly Downs,nthomas@yahoo.com,Customer service,can someone answer my question??
Allison Smith,anndavis@yahoo.com,Webmaster,site is broken on mobile?
Melvin Singh,elizabethwillis@hotmail.com,Customer service,Support please!! no one is replying
Kyle Alvarez,gabrielherrera@gmail.com,Customer service,can someone answer my question??
Brian Lutz,simonernest@gmail.com,Payments,my card was charged twise!
Amy George,whitney92@hotmail.com,Return,i want to return a broken item.
Brittany Moore,cindy76@hotmail.com,Return,"the product not work, how to send it back?"
Rebecca Campbell,barberariel@hotmail.com,Payments,payment failed but bank say success?
Teresa Johnson,rsmith@gmail.com,Webmaster,css all messed up on my browser
Dustin Robinson,htaylor@yahoo.com,Status of my order,where is my order????
Derek Jones,aball@gmail.com,Return,"the product not work, how to send it back?"
Robin Mullins,cassandrajenkins@yahoo.com,Webmaster,site is broken on mobile?
Gary Hall,amandasweeney@yahoo.com,Webmaster,checkout button doesnt work!!!
Barbara Yang,hmelendez@hotmail.com,Webmaster,do you accept paypal or not?
Nancy Allen,rebeccagraham@gmail.com,Webmaster,RETURNS!! where do i go??
Caroline Smith,samanthabrown@gmail.com,Customer service,Support please!! no one is replying
Sabrina Oconnor,heatheracosta@gmail.com,Warranty,is my item under waranty?
Lisa Norris,aaronmoreno@hotmail.com,Error 101: Subject not found,payment failed but bank say success?
Dan Marshall,rileychristopher@gmail.com,Return,i want to return a broken item.
Russell Sanchez,ryanchristy@gmail.com,Payments,my card was charged twise!
Lori Macdonald,rhondalivingston@gmail.com,Customer service,Why is no one answering?
Jorge Jimenez,wilkersoncatherine@gmail.com,Payments,money gone but order not confirmd
Matthew Gonzalez,lstevens@gmail.com,Return,RETURNS!! where do i go??
Daniel Carey,bruce37@gmail.com,Webmaster,can someone answer my question??
Amy Moore,darrenclark@yahoo.com,Status of my order,site is broken on mobile?
Ashley Compton,jkaiser@hotmail.com,Status of my order,where is my order????
Amy Owens,vmartin@yahoo.com,Warranty,"lost receipt, can i still claim?"
Kimberly Huffman,alexander51@yahoo.com,Status of my order,its been a week and no package yet
Jason Bell,igoodwin@gmail.com,Payments,do you accept paypal or not?
Samuel Delacruz,lucaszimmerman@hotmail.com,Webmaster,site is broken on mobile?
Brian Smith,zsantiago@hotmail.com,Payments,money gone but order not confirmd
Angela Morris,margaretlewis@gmail.com,Warranty,is my item under waranty?
Sarah Armstrong,michael28@gmail.com,Warranty,product broken after 3 months... help
William Underwood,kellymccoy@hotmail.com,Payments,do you accept paypal or not?
Connor Sanchez,reedeugene@yahoo.com,Customer service,Why is no one answering?
Sara Rivas,myersmariah@yahoo.com,Webmaster,checkout button doesnt work!!!
Tracie Thomas,robert46@hotmail.com,Warranty,"lost receipt, can i still claim?"
Daniel Wilcox,christianhodges@hotmail.com,Return,i want to return a broken item.
Gabriela Banks,ryan53@gmail.com,Customer service,Why is no one answering?
Brandon Chandler,burkelaurie@hotmail.com,Customer service,Why is no one answering?
Jesse Pace,wooddavid@gmail.com,Return,RETURNS!! where do i go??
Cheyenne Shepherd,reneewade@gmail.com,Customer service,hello i need help
Christopher Faulkner,martinezgary@yahoo.com,Return,product broken after 3 months... help
Dominic Rogers,ccampbell@gmail.com,Webmaster,no update on my delivery!
Ronald Lee,aliciasmith@yahoo.com,Payments,do you accept paypal or not?
Phyllis Anderson DVM,hector44@yahoo.com,Customer service,Support please!! no one is replying
Brian Evans,sandratran@hotmail.com,Payments,payment failed but bank say success?
James Hampton,wolferonald@gmail.com,Error 101: Subject not found,Why is no one answering?
Ronald Porter,taylorreginald@gmail.com,Webmaster,site is broken on mobile?
Tiffany Edwards,eyoung@yahoo.com,Webmaster,i want to return a broken item.
Stephen Morris,chaseselena@hotmail.com,Warranty,"lost receipt, can i still claim?"
Timothy Moore,christinebrown@gmail.com,Customer service,hello i need help
Stephanie Smith,kyle99@hotmail.com,Return,RETURNS!! where do i go??
Kathryn Allen,georgeturner@yahoo.com,Payments,money gone but order not confirmd
Carlos Cole,williamharrell@yahoo.com,Error 202: Translation error,"lost receipt, can i still claim?"
Heather Meyer,angela98@hotmail.com,Warranty,product broken after 3 months... help
Heather Weaver,smithjessica@hotmail.com,Payments,my card was charged twise!
Adam Torres,morganmartin@yahoo.com,Customer service,Support please!! no one is replying
Brent Hall,kevinhaynes@hotmail.com,Customer service,can someone answer my question??
Russell Reynolds,jstevens@gmail.com,Customer service,Why is no one answering?
Lauren Walsh,veronica05@hotmail.com,Warranty,product broken after 3 months... help
Nicole Green,swiley@yahoo.com,Status of my order,status pls for order #1234
Jeffrey Kim,laurabeck@hotmail.com,Return,item came damaged and i need to send it back
Colin Duarte,qdixon@yahoo.com,Warranty,is my item under waranty?
Paul Smith,zhiggins@gmail.com,Status of my order,status pls for order #1234
Katelyn Lopez,ijenkins@yahoo.com,Status of my order,no update on my delivery!
Sharon Ward,benjaminbush@gmail.com,Status of my order,where is my order????
Thomas Strong,atravis@hotmail.com,Warranty,how long is the warranty period?
Michael Bradford,jennifer57@yahoo.com,Status of my order,i want to return a broken item.
Jackie Johnson,petersonkristin@gmail.com,Payments,my card was charged twise!
Cynthia Tran,slowe@gmail.com,Warranty,how long is the warranty period?
Marc Turner,tking@gmail.com,Payments,do you accept paypal or not?
Brian Villarreal,hhancock@hotmail.com,Status of my order,no update on my delivery!
Mark Gutierrez,ericlozano@hotmail.com,Return,item came damaged and i need to send it back
Christina Johnston,uwolfe@gmail.com,Customer service,do you accept paypal or not?
Marcus Fisher,phillipswilliam@gmail.com,Return,RETURNS!! where do i go??
Andrew Hansen,wendymorales@yahoo.com,Webmaster,Support please!! no one is replying
Nathan Hernandez,michaelcampbell@hotmail.com,Webmaster,checkout button doesnt work!!!
Tina Davis,hramirez@hotmail.com,Webmaster,site is broken on mobile?
Levi Jensen,ojames@yahoo.com,Return,RETURNS!! where do i go??
Gregory Lane,jimenezsarah@hotmail.com,Warranty,"lost receipt, can i still claim?"
Heather Rodriguez,rebeccamorales@yahoo.com,Webmaster,site is broken on mobile?
Micheal Dennis,donnathomas@hotmail.com,Return,i want to return a broken item.
Sierra Nelson,bowmanjason@hotmail.com,Webmaster,is my item under waranty?
Justin Bradshaw,crogers@hotmail.com,Return,RETURNS!! where do i go??
Albert Davis,robert11@gmail.com,Return,i want to return a broken item.
Abigail Jimenez,michael55@yahoo.com,Warranty,is my item under waranty?
Benjamin Mclean,connor05@yahoo.com,Payments,money gone but order not confirmd
Alicia Daugherty,dana73@hotmail.com,Status of my order,where is my order????
Philip Beltran,charles94@gmail.com,Webmaster,checkout button doesnt work!!!
Derrick Evans,megansolomon@gmail.com,Status of my order,where is my order????
Katie Bowers,shelleyclark@gmail.com,Status of my order,where is my order????
April Smith,ryanbuchanan@yahoo.com,Customer service,Support please!! no one is replying
Madeline Woods,dtaylor@hotmail.com,Return,RETURNS!! where do i go??
Duane Banks,gonzalespatricia@yahoo.com,Return,item came damaged and i need to send it back
Brian Smith,zgarrison@hotmail.com,Return,item came damaged and i need to send it back
Danielle Powell,longshannon@yahoo.com,Payments,money gone but order not confirmd
Miguel Bartlett Jr.,omontoya@yahoo.com,Return,RETURNS!! where do i go??
Robert Walsh,robbinsamanda@hotmail.com,Payments,do you accept paypal or not?
Michelle Larson,tommymontgomery@hotmail.com,Status of my order,its been a week and no package yet
Lisa Chan,cheyenne82@yahoo.com,Webmaster,css all messed up on my browser
Maria Taylor,kristinacrosby@hotmail.com,Payments,do you accept paypal or not?
Kim Richardson,cindy03@hotmail.com,Status of my order,no update on my delivery!
Brandy Baker,jamesharrison@gmail.com,Warranty,"lost receipt, can i still claim?"
Trevor Weeks,smithamy@yahoo.com,Webmaster,checkout button doesnt work!!!
Ian Lewis,matthew50@hotmail.com,Return,"the product not work, how to send it back?"
Alexander Faulkner,donna50@yahoo.com,Return,i want to return a broken item.
John Bradford,christophervasquez@gmail.com,Warranty,product broken after 3 months... help
Mark Haynes,kylehart@hotmail.com,Payments,my card was charged twise!
April Zavala,gcase@gmail.com,Status of my order,payment failed but bank say success?
Dr. Richard King,williamskimberly@hotmail.com,Customer service,Why is no one answering?
Katrina Lewis,stephaniehughes@gmail.com,Error 202: Translation error,payment failed but bank say success?
Adam Jenkins,wallacedestiny@yahoo.com,Customer service,Support please!! no one is replying
Marissa Williams,hullcaleb@yahoo.com,Webmaster,page load forever??
Kyle James,jonestammy@hotmail.com,Return,RETURNS!! where do i go??
Brandon Powell,bscott@gmail.com,Webmaster,page load forever??
David Melendez,patricia76@hotmail.com,Status of my order,where is my order????
Jamie Rivera,kristopher97@gmail.com,Return,RETURNS!! where do i go??
Madison Walker,simontiffany@gmail.com,Customer service,Why is no one answering?
Christopher Myers,danielle10@gmail.com,Error 202: Translation error,payment failed but bank say success?
Wesley Hughes,hodgechelsea@hotmail.com,Return,i want to return a broken item.
Cody Daniels,blyons@gmail.com,Status of my order,status pls for order #1234
Kathy Tate,vernon93@hotmail.com,Warranty,product broken after 3 months... help
Suzanne Keller,walkerscott@gmail.com,Status of my order,no update on my delivery!
Dawn Harris,stephaniehensley@hotmail.com,Warranty,Why is no one answering?
Brenda Lane,joanne97@gmail.com,Error 202: Translation error,status pls for order #1234
Jonathan Johnson,mbenjamin@gmail.com,Warranty,is my item under waranty?
Keith Reese,rbrown@gmail.com,Warranty,"lost receipt, can i still claim?"
Amanda Hines,wonglaura@hotmail.com,Customer service,page load forever??
Evan Barnes,floydtyler@yahoo.com,Webmaster,css all messed up on my browser
John Howell,kimberlysmith@hotmail.com,Webmaster,checkout button doesnt work!!!
Charles Scott,christopher71@yahoo.com,Return,i want to return a broken item.
Charles Vazquez,cochranvictoria@yahoo.com,Return,RETURNS!! where do i go??
Jennifer Jackson,carterbryan@gmail.com,Warranty,"lost receipt, can i still claim?"
Ricardo Burns,qwilson@hotmail.com,Customer service,item came damaged and i need to send it back
Michael Potter,koconnor@gmail.com,Status of my order,its been a week and no package yet
Travis Erickson,ethanarmstrong@hotmail.com,Return,i want to return a broken item.
David Smith,heatherbrown@yahoo.com,Error 101: Subject not found,Support please!! no one is replying
Mr. Eugene Phillips,michaelgonzales@yahoo.com,Customer service,Support please!! no one is replying
Mary Rogers,hallkevin@hotmail.com,Customer service,hello i need help
Matthew Jenkins,mgibson@hotmail.com,Warranty,is my item under waranty?
Corey Gomez,hdavies@hotmail.com,Error 101: Subject not found,money gone but order not confirmd
John Huber,jorgesanchez@yahoo.com,Status of my order,no update on my delivery!
Nicole Holden,deborah61@yahoo.com,Status of my order,no update on my delivery!
Debra Price,cjackson@gmail.com,Return,RETURNS!! where do i go??
Jordan James,colemanjose@yahoo.com,Status of my order,where is my order????
Brian Wilson,carlos18@hotmail.com,Payments,do you accept paypal or not?
Justin Bell,tknight@yahoo.com,Status of my order,status pls for order #1234
Jennifer Parker,imartin@yahoo.com,Warranty,"lost receipt, can i still claim?"
Sierra Butler,benjaminwillie@gmail.com,Webmaster,site is broken on mobile?
James White,uanderson@hotmail.com,Return,RETURNS!! where do i go??
Jennifer Moore,brittany93@gmail.com,Webmaster,payment failed but bank say success?
Alexander Mitchell,andrew11@hotmail.com,Customer service,where is my order????
Natalie Dean,samuel96@hotmail.com,Status of my order,no update on my delivery!
Timothy Green,nlee@yahoo.com,Status of my order,Support please!! no one is replying
Renee Brown,benjamin20@yahoo.com,Warranty,"the product not work, how to send it back?"
Todd Meyer MD,piercejoe@hotmail.com,Payments,payment failed but bank say success?
Erin Flores,jennifer32@hotmail.com,Customer service,Support please!! no one is replying
James Wells,summersdarlene@gmail.com,Customer service,can someone answer my question??
Alan Brooks,amy95@hotmail.com,Webmaster,site is broken on mobile?
Marc Whitaker,tallen@yahoo.com,Payments,payment failed but bank say success?
Bethany Melton,edwardssamuel@gmail.com,Webmaster,css all messed up on my browser
Charlotte Miller,alejandra87@hotmail.com,Webmaster,checkout button doesnt work!!!
Christopher Shaw,curtiskevin@gmail.com,Status of my order,i want to return a broken item.
